t, dl, vl, al,df, vf, af,x0, x1, x2, u,J_1, J_2, J_3, J_4, J, F
0, 0.166667, 16.6667,0, -9.83333, 16.6667, 3e-08, 10, 16.6667, 3e-08, 4.89575e-07, 0, 0, 4.5e-16, 1.19842e-13, 1.20292e-13,0.0247183
0.01, 0.333333, 16.6667,0, -9.66667, 16.6667, 4.36872e-08, 10, 16.6667, 4.36872e-08, 2.05684e-07, 1.12387e-24, 4.49995e-20, 9.54288e-16, 2.11529e-14, 2.21072e-14,0.0117543
0.02, 0.5, 16.6667,0, -9.5, 16.6667, 4.84015e-08, 10, 16.6667, 4.84015e-08, 9.64325e-08, 2.23408e-23, 2.7149e-19, 1.17135e-15, 4.64961e-15, 5.82124e-15,0.00640095
0.03, 0.666667, 16.6667,0, -9.33333, 16.6667, 4.96811e-08, 10, 16.6667, 4.96811e-08, 6.44356e-08, 1.35695e-22, 7.45286e-19, 1.23411e-15, 2.07598e-15, 3.31083e-15,0.00401939
0.04, 0.833333, 16.6667,0, -9.16667, 16.6667, 4.99581e-08, 10, 16.6667, 4.99581e-08, 8.39679e-09, 4.85665e-22, 1.47525e-18, 1.24791e-15, 3.5253e-17, 1.28464e-15,0.00198758
0.05, 1, 16.6667,0, -9, 16.6667, 4.85448e-08, 10, 16.6667, 4.85448e-08, -5.92597e-09, 1.29241e-21, 2.45817e-18, 1.1783e-15, 1.75586e-17, 1.19832e-15,0.00133935
0.06, 1.16667, 16.6667,0, -8.83333, 16.6667, 4.67488e-08, 10, 16.6667, 4.67488e-08, -7.94794e-09, 2.84574e-21, 3.65237e-18, 1.09273e-15, 3.15849e-17, 1.12797e-15,0.00104335
0.07, 1.33333, 16.6667,0, -8.66667, 16.6667, 4.49521e-08, 10, 16.6667, 4.49521e-08, 2.80981e-09, 5.49205e-21, 5.02513e-18, 1.01035e-15, 3.94752e-18, 1.01932e-15,0.00124884
0.08, 1.5, 16.6667,0, -8.5, 16.6667, 4.3538e-08, 10, 16.6667, 4.3538e-08, -1.59878e-08, 9.62645e-21, 6.55124e-18, 9.47778e-16, 1.27806e-16, 1.08214e-15,0.000642136
0.09, 1.66667, 16.6667,0, -8.33333, 16.6667, 4.16071e-08, 10, 16.6667, 4.16071e-08, -1.85186e-08, 1.56871e-20, 8.22199e-18, 8.65575e-16, 1.71469e-16, 1.04528e-15,0.000539844
0.1, 1.83333, 16.6667,0, -8.16667, 16.6667, 3.96646e-08, 10, 16.6667, 3.96646e-08, -2.54195e-08, 2.41473e-20, 9.99577e-18, 7.86641e-16, 3.23076e-16, 1.11974e-15,0.000361575
0.11, 2, 16.6667,0, -8, 16.6667, 3.75799e-08, 10, 16.6667, 3.75799e-08, -2.66973e-08, 3.54992e-20, 1.18479e-17, 7.06124e-16, 3.56374e-16, 1.07438e-15,0.00031933
0.12, 2.16667, 16.6667,0, -7.83333, 16.6667, 3.55263e-08, 10, 16.6667, 3.55263e-08, -3.26983e-08, 5.02484e-20, 1.37479e-17, 6.31059e-16, 5.34591e-16, 1.17945e-15,0.000117287
0.13, 2.33333, 16.6667,0, -7.66667, 16.6667, 3.33611e-08, 10, 16.6667, 3.33611e-08, -2.6597e-08, 6.89046e-20, 1.56738e-17, 5.56483e-16, 3.53701e-16, 9.25927e-16,0.000301746
0.14, 2.5, 16.6667,0, -7.5, 16.6667, 3.14512e-08, 10, 16.6667, 3.14512e-08, -2.89355e-08, 9.19706e-20, 1.75973e-17, 4.94589e-16, 4.18632e-16, 9.3091e-16,0.000207496
0.15, 2.66667, 16.6667,0, -7.33333, 16.6667, 2.95348e-08, 10, 16.6667, 2.95348e-08, -3.10354e-08, 1.19943e-19, 1.95126e-17, 4.36151e-16, 4.81597e-16, 9.3738e-16,0.00013759
0.16, 2.83333, 16.6667,0, -7.16667, 16.6667, 2.76192e-08, 10, 16.6667, 2.76192e-08, -3.50742e-08, 1.53308e-19, 2.14013e-17, 3.8141e-16, 6.151e-16, 1.01807e-15,1.20502e-06
0.17, 3, 16.6667,0, -7, 16.6667, 2.56463e-08, 10, 16.6667, 2.56463e-08, -3.77147e-08, 1.92531e-19, 2.32464e-17, 3.28867e-16, 7.11199e-16, 1.06351e-15,7.35653e-05
0.18, 3.16667, 16.6667,0, -6.83333, 16.6667, 2.366e-08, 10, 16.6667, 2.366e-08, -3.81185e-08, 2.38051e-19, 2.5028e-17, 2.79898e-16, 7.26509e-16, 1.03167e-15,0.000109571
0.19, 3.33333, 16.6667,0, -6.66667, 16.6667, 2.17278e-08, 10, 16.6667, 2.17278e-08, -3.02346e-08, 2.90272e-19, 2.67299e-17, 2.36049e-16, 4.57066e-16, 7.20135e-16,9.91137e-05
0.2, 3.5, 16.6667,0, -6.5, 16.6667, 2.00965e-08, 10, 16.6667, 2.00965e-08, -2.48731e-08, 3.49564e-19, 2.83422e-17, 2.01935e-16, 3.09334e-16, 5.39961e-16,0.000258155
0.21, 3.66667, 16.6667,0, -6.33333, 16.6667, 1.86804e-08, 10, 16.6667, 1.86804e-08, -2.24933e-08, 4.16265e-19, 2.98754e-17, 1.74479e-16, 2.52975e-16, 4.57746e-16,0.000284063
0.22, 3.83333, 16.6667,0, -6.16667, 16.6667, 1.73829e-08, 10, 16.6667, 1.73829e-08, -3.79423e-08, 4.90707e-19, 3.13368e-17, 1.51083e-16, 7.19809e-16, 9.0272e-16,0.000145204
0.23, 4, 16.6667,0, -6, 16.6667, 1.56652e-08, 10, 16.6667, 1.56652e-08, -3.98724e-08, 5.732e-19, 3.27281e-17, 1.227e-16, 7.94904e-16, 9.50905e-16,0.000181386
0.24, 4.16667, 16.6667,0, -5.83333, 16.6667, 1.39469e-08, 10, 16.6667, 1.39469e-08, -3.69778e-08, 6.64002e-19, 3.40078e-17, 9.7258e-17, 6.83678e-16, 8.15608e-16,0.000127657
0.25, 4.33333, 16.6667,0, -5.66667, 16.6667, 1.23727e-08, 10, 16.6667, 1.23727e-08, -3.83986e-08, 7.63303e-19, 3.51677e-17, 7.65414e-17, 7.37226e-16, 8.49698e-16,0.000199826
0.26, 4.5, 16.6667,0, -5.5, 16.6667, 1.08083e-08, 10, 16.6667, 1.08083e-08, -4.18089e-08, 8.71256e-19, 3.6213e-17, 5.84095e-17, 8.73994e-16, 9.69488e-16,0.000296262
0.27, 4.66667, 16.6667,0, -5.33333, 16.6667, 9.19374e-09, 10, 16.6667, 9.19374e-09, -4.42123e-08, 9.87977e-19, 3.71387e-17, 4.22625e-17, 9.77362e-16, 1.05775e-15,0.000369378
0.28, 4.83333, 16.6667,0, -5.16667, 16.6667, 7.56092e-09, 10, 16.6667, 7.56092e-09, -2.99638e-08, 1.11352e-18, 3.79353e-17, 2.85837e-17, 4.48915e-16, 5.16548e-16,6.32019e-06
0.29, 5, 16.6667,0, -5, 16.6667, 6.40997e-09, 10, 16.6667, 6.40997e-09, -4.04496e-08, 1.2479e-18, 3.85967e-17, 2.05439e-17, 8.18084e-16, 8.78472e-16,0.000336931
0.3, 5.16667, 16.6667,0, -4.83333, 16.6667, 4.98282e-09, 10, 16.6667, 4.98282e-09, -3.43282e-08, 1.3911e-18, 3.9162e-17, 1.24142e-17, 5.89214e-16, 6.42182e-16,0.00018144
0.31, 5.33333, 16.6667,0, -4.66667, 16.6667, 3.78688e-09, 10, 16.6667, 3.78688e-09, -6.19766e-08, 1.54307e-18, 3.96042e-17, 7.17022e-18, 1.92055e-15, 1.96887e-15,0.000873572
0.32, 5.5, 16.6667,0, -4.5, 16.6667, 1.80135e-09, 10, 16.6667, 1.80135e-09, -5.93964e-08, 1.70373e-18, 3.99419e-17, 1.62243e-18, 1.76397e-15, 1.80723e-15,0.000875798
0.33, 5.66667, 16.6667,0, -4.33333, 16.6667, -4.05863e-11, 10, 16.6667, -4.05863e-11, -4.18726e-08, 1.87288e-18, 4.01031e-17, 8.23622e-22, 8.76659e-16, 9.18636e-16,0.000439486
0.34, 5.83333, 16.6667,0, -4.16667, 16.6667, -1.29541e-09, 10, 16.6667, -1.29541e-09, -4.22099e-08, 2.05021e-18, 4.00994e-17, 8.39047e-19, 8.90837e-16, 9.33826e-16,0.000480027
0.35, 6, 16.6667,0, -4, 16.6667, -2.51853e-09, 10, 16.6667, -2.51853e-09, -3.55338e-08, 2.23543e-18, 3.99835e-17, 3.17149e-18, 6.31326e-16, 6.76717e-16,0.000276875
0.36, 6.16667, 16.6667,0, -3.83333, 16.6667, -3.50059e-09, 10, 16.6667, -3.50059e-09, -4.07706e-08, 2.42823e-18, 3.97586e-17, 6.12707e-18, 8.31123e-16, 8.79437e-16,0.000509075
0.37, 6.33333, 16.6667,0, -3.66667, 16.6667, -4.60703e-09, 10, 16.6667, -4.60703e-09, -3.8635e-08, 2.62832e-18, 3.94471e-17, 1.06123e-17, 7.46332e-16, 7.9902e-16,0.000485611
0.38, 6.5, 16.6667,0, -3.5, 16.6667, -5.61251e-09, 10, 16.6667, -5.61251e-09, -2.9465e-08, 2.83536e-18, 3.90389e-17, 1.57501e-17, 4.34094e-16, 4.91718e-16,0.00021913
0.39, 6.66667, 16.6667,0, -3.33333, 16.6667, -6.30938e-09, 10, 16.6667, -6.30938e-09, -1.85509e-08, 3.04899e-18, 3.85446e-17, 1.99041e-17, 1.72069e-16, 2.33566e-16,9.06484e-05
0.4, 6.83333, 16.6667,0, -3.16667, 16.6667, -6.65559e-09, 10, 16.6667, -6.65559e-09, -2.77235e-08, 3.26885e-18, 3.79926e-17, 2.21484e-17, 3.84296e-16, 4.47705e-16,0.000356431
0.41, 7, 16.6667,0, -3, 16.6667, -7.26544e-09, 10, 16.6667, -7.26544e-09, -3.7179e-08, 3.49465e-18, 3.74146e-17, 2.63933e-17, 6.91141e-16, 7.58443e-16,0.000621925
0.42, 7.16667, 16.6667,0, -2.83333, 16.6667, -8.13863e-09, 10, 16.6667, -8.13863e-09, -3.87907e-08, 3.72609e-18, 3.67888e-17, 3.31187e-17, 7.52357e-16, 8.25991e-16,0.000573316
0.43, 7.33333, 16.6667,0, -2.66667, 16.6667, -9.03106e-09, 10, 16.6667, -9.03106e-09, -4.37571e-08, 3.96279e-18, 3.6094e-17, 4.07801e-17, 9.5734e-16, 1.03818e-15,0.00068145
0.44, 7.5, 16.6667,0, -2.5, 16.6667, -1.00427e-08, 10, 16.6667, -1.00427e-08, -3.277e-08, 4.20428e-18, 3.53308e-17, 5.04283e-17, 5.36937e-16, 6.269e-16,0.000388018
0.45, 7.66667, 16.6667,0, -2.33333, 16.6667, -1.06911e-08, 10, 16.6667, -1.06911e-08, -2.26687e-08, 4.45007e-18, 3.44916e-17, 5.71496e-17, 2.56936e-16, 3.53027e-16,9.05781e-05
0.46, 7.83333, 16.6667,0, -2.16667, 16.6667, -1.10148e-08, 10, 16.6667, -1.10148e-08, -1.77866e-08, 4.69966e-18, 3.36094e-17, 6.06626e-17, 1.58182e-16, 2.57154e-16,6.17033e-05
0.47, 8, 16.6667,0, -2, 16.6667, -1.11812e-08, 10, 16.6667, -1.11812e-08, -1.86899e-08, 4.95265e-18, 3.27124e-17, 6.25098e-17, 1.74656e-16, 2.74831e-16,5.83022e-05
0.48, 8.16667, 16.6667,0, -1.83333, 16.6667, -1.13692e-08, 10, 16.6667, -1.13692e-08, -1.86891e-08, 5.20868e-18, 3.18142e-17, 6.46294e-17, 1.74641e-16, 2.76293e-16,2.50825e-05
0.49, 8.33333, 16.6667,0, -1.66667, 16.6667, -1.15509e-08, 10, 16.6667, -1.15509e-08, -1.52241e-08, 5.46744e-18, 3.09138e-17, 6.67117e-17, 1.15887e-16, 2.1898e-16,0.00010748
0.5, 8.5, 16.6667,0, -1.5, 16.6667, -1.16226e-08, 10, 16.6667, -1.16226e-08, -1.36347e-08, 5.7286e-18, 3.00122e-17, 6.75424e-17, 9.29519e-17, 1.96235e-16,0.000136266
0.51, 8.66667, 16.6667,0, -1.33333, 16.6667, -1.16442e-08, 10, 16.6667, -1.16442e-08, -1.4449e-08, 5.99183e-18, 2.91185e-17, 6.77939e-17, 1.04387e-16, 2.07291e-16,9.70631e-05
0.52, 8.83333, 16.6667,0, -1.16667, 16.6667, -1.16895e-08, 10, 16.6667, -1.16895e-08, -1.69096e-08, 6.25686e-18, 2.82367e-17, 6.83228e-17, 1.42967e-16, 2.45783e-16,9.47419e-06
0.53, 9, 16.6667,0, -1, 16.6667, -1.18072e-08, 10, 16.6667, -1.18072e-08, -1.9526e-08, 6.52341e-18, 2.7365e-17, 6.97048e-17, 1.90632e-16, 2.94225e-16,8.26947e-05
0.54, 9.16667, 16.6667,0, -0.833333, 16.6667, -1.19994e-08, 10, 16.6667, -1.19994e-08, -1.05278e-08, 6.79119e-18, 2.64985e-17, 7.19927e-17, 5.5417e-17, 1.60699e-16,0.000184401
0.55, 9.33333, 16.6667,0, -0.666667, 16.6667, -1.19152e-08, 10, 16.6667, -1.19152e-08, -1.78345e-08, 7.05989e-18, 2.56322e-17, 7.09865e-17, 1.59035e-16, 2.62713e-16,2.06865e-05
0.56, 9.5, 16.6667,0, -0.5, 16.6667, -1.20531e-08, 10, 16.6667, -1.20531e-08, -2.35264e-08, 7.32921e-18, 2.47862e-17, 7.26387e-17, 2.76746e-16, 3.815e-16,0.000215611
0.57, 9.66667, 16.6667,0, -0.333333, 16.6667, -1.23571e-08, 10, 16.6667, -1.23571e-08, 8.80573e-09, 7.59891e-18, 2.39448e-17, 7.63493e-17, 3.87704e-17, 1.46663e-16,0.000638449
0.58, 9.83333, 16.6667,0, -0.166667, 16.6667, -1.1681e-08, 10, 16.6667, -1.1681e-08, 4.65052e-10, 7.86864e-18, 2.30973e-17, 6.82235e-17, 1.08137e-19, 9.92976e-17,0.000343226
0.59, 10, 16.6667,0, 4.0344e-09, 16.6667, -1.12777e-08, 10, 16.6667, -1.12777e-08, -1.676e-08, 8.13822e-18, 2.23102e-17, 6.35936e-17, 1.40449e-16, 2.34491e-16,0.000122519
0.6, 10.1667, 16.6667,0, 0.166667, 16.6667, -1.14046e-08, 10, 16.6667, -1.14046e-08, -1.85902e-08, 8.40763e-18, 2.15633e-17, 6.50325e-17, 1.72797e-16, 2.67801e-16,7.86434e-05
0.61, 10.3333, 16.6667,0, 0.333333, 16.6667, -1.15822e-08, 10, 16.6667, -1.15822e-08, -1.5109e-08, 8.67671e-18, 2.08208e-17, 6.70732e-17, 1.14142e-16, 2.10712e-16,1.25304e-06
0.62, 10.5, 16.6667,0, 0.5, 16.6667, -1.16494e-08, 10, 16.6667, -1.16494e-08, -1.24828e-08, 8.94516e-18, 2.00801e-17, 6.78537e-17, 7.79105e-17, 1.7479e-16,7.71134e-05
0.63, 10.6667, 16.6667,0, 0.666667, 16.6667, -1.16355e-08, 10, 16.6667, -1.16355e-08, -1.12906e-08, 9.21271e-18, 1.93487e-17, 6.76928e-17, 6.37383e-17, 1.59992e-16,0.000116576
0.64, 10.8333, 16.6667,0, 0.833333, 16.6667, -1.15864e-08, 10, 16.6667, -1.15864e-08, -1.18641e-08, 9.47914e-18, 1.86316e-17, 6.71223e-17, 7.03788e-17, 1.65612e-16,9.74998e-05
0.65, 11, 16.6667,0, 1, 16.6667, -1.15561e-08, 10, 16.6667, -1.15561e-08, -1.38492e-08, 9.74424e-18, 1.7931e-17, 6.67718e-17, 9.58998e-17, 1.90347e-16,2.95841e-05
0.66, 11.1667, 16.6667,0, 1.16667, 16.6667, -1.15864e-08, 10, 16.6667, -1.15864e-08, -9.59039e-09, 1.00078e-17, 1.72457e-17, 6.71221e-17, 4.59878e-17, 1.40363e-16,0.00013701
0.67, 11.3333, 16.6667,0, 1.33333, 16.6667, -1.14879e-08, 10, 16.6667, -1.14879e-08, -8.43029e-09, 1.02697e-17, 1.65719e-17, 6.59857e-17, 3.55349e-17, 1.28362e-16,0.00017604
0.68, 11.5, 16.6667,0, 1.5, 16.6667, -1.13579e-08, 10, 16.6667, -1.13579e-08, -8.36862e-10, 1.05296e-17, 1.59172e-17, 6.45004e-17, 3.50169e-19, 9.12974e-17,0.000379054
0.69, 11.6667, 16.6667,0, 1.66667, 16.6667, -1.10044e-08, 10, 16.6667, -1.10044e-08, -2.1637e-09, 1.07875e-17, 1.52828e-17, 6.0548e-17, 2.3408e-18, 8.89591e-17,0.000327226
0.7, 11.8333, 16.6667,0, 1.83333, 16.6667, -1.07025e-08, 10, 16.6667, -1.07025e-08, 9.72703e-09, 1.10432e-17, 1.46804e-17, 5.72714e-17, 4.73075e-17, 1.30303e-16,0.000612419
0.71, 12, 16.6667,0, 2, 16.6667, -1.00539e-08, 10, 16.6667, -1.00539e-08, 8.76007e-09, 1.12968e-17, 1.41062e-17, 5.05405e-17, 3.83694e-17, 1.14313e-16,0.000589189
0.72, 12.1667, 16.6667,0, 2.16667, 16.6667, -9.45597e-09, 10, 16.6667, -9.45597e-09, -3.78161e-09, 1.15483e-17, 1.35773e-17, 4.47077e-17, 7.15028e-18, 7.69836e-17,0.000271384
0.73, 12.3333, 16.6667,0, 2.33333, 16.6667, -9.25422e-09, 10, 16.6667, -9.25422e-09, -1.3527e-08, 1.17978e-17, 1.3089e-17, 4.28203e-17, 9.14904e-17, 1.59198e-16,6.56355e-06
0.74, 12.5, 16.6667,0, 2.5, 16.6667, -9.35156e-09, 10, 16.6667, -9.35156e-09, -7.0409e-09, 1.20453e-17, 1.26198e-17, 4.37258e-17, 2.47872e-17, 9.31781e-17,0.000179896
0.75, 12.6667, 16.6667,0, 2.66667, 16.6667, -9.25107e-09, 10, 16.6667, -9.25107e-09, -5.12844e-09, 1.22909e-17, 1.21544e-17, 4.27911e-17, 1.31504e-17, 8.03868e-17,0.000263412
0.76, 12.8333, 16.6667,0, 2.83333, 16.6667, -9.09655e-09, 10, 16.6667, -9.09655e-09, -1.25874e-08, 1.25342e-17, 1.17025e-17, 4.13736e-17, 7.92215e-17, 1.44832e-16,9.02932e-05
0.77, 13, 16.6667,0, 3, 16.6667, -9.17096e-09, 10, 16.6667, -9.17096e-09, -1.54069e-08, 1.27753e-17, 1.12666e-17, 4.20532e-17, 1.18687e-16, 1.84782e-16,1.85451e-06
0.78, 13.1667, 16.6667,0, 3.16667, 16.6667, -9.32747e-09, 10, 16.6667, -9.32747e-09, -1.73678e-08, 1.30141e-17, 1.08355e-17, 4.35008e-17, 1.50821e-16, 2.18171e-16,9.20966e-05
0.79, 13.3333, 16.6667,0, 3.33333, 16.6667, -9.53758e-09, 10, 16.6667, -9.53758e-09, -2.3365e-08, 1.32502e-17, 1.04056e-17, 4.54828e-17, 2.72963e-16, 3.42101e-16,0.000260786
0.8, 13.5, 16.6667,0, 3.5, 16.6667, -9.92062e-09, 10, 16.6667, -9.92062e-09, -1.42489e-08, 1.34837e-17, 9.97505e-18, 4.92093e-17, 1.01515e-16, 1.74183e-16,4.71068e-05
0.81, 13.6667, 16.6667,0, 3.66667, 16.6667, -1.00174e-08, 10, 16.6667, -1.00174e-08, -1.28398e-08, 1.3714e-17, 9.53686e-18, 5.01741e-17, 8.243e-17, 1.55855e-16,7.81612e-07
0.82, 13.8333, 16.6667,0, 3.83333, 16.6667, -1.00687e-08, 10, 16.6667, -1.00687e-08, -2.52439e-08, 1.3941e-17, 9.10439e-18, 5.06891e-17, 3.18627e-16, 3.92362e-16,0.000327827
0.83, 14, 16.6667,0, 4, 16.6667, -1.04904e-08, 10, 16.6667, -1.04904e-08, -1.40843e-09, 1.41646e-17, 8.67981e-18, 5.50239e-17, 9.91838e-19, 7.88602e-17,0.000327301
0.84, 14.1667, 16.6667,0, 4.16667, 16.6667, -1.01829e-08, 10, 16.6667, -1.01829e-08, -1.49773e-08, 1.43844e-17, 8.24823e-18, 5.18462e-17, 1.1216e-16, 1.86639e-16,6.78699e-05
0.85, 14.3333, 16.6667,0, 4.33333, 16.6667, -1.02928e-08, 10, 16.6667, -1.02928e-08, -4.6735e-09, 1.46003e-17, 7.83983e-18, 5.29712e-17, 1.09208e-17, 8.63321e-17,0.000271054
0.86, 14.5, 16.6667,0, 4.5, 16.6667, -1.00899e-08, 10, 16.6667, -1.00899e-08, 3.56245e-09, 1.48123e-17, 7.43755e-18, 5.09035e-17, 6.34552e-18, 7.94988e-17,0.000469787
0.87, 14.6667, 16.6667,0, 4.66667, 16.6667, -9.64674e-09, 10, 16.6667, -9.64674e-09, -7.53476e-09, 1.50202e-17, 7.05349e-18, 4.65298e-17, 2.83863e-17, 9.69898e-17,0.000117107
0.88, 14.8333, 16.6667,0, 4.83333, 16.6667, -9.55122e-09, 10, 16.6667, -9.55122e-09, -2.81511e-09, 1.52241e-17, 6.69582e-18, 4.56129e-17, 3.96242e-18, 7.14953e-17,0.000209904
0.89, 15, 16.6667,0, 5, 16.6667, -9.3173e-09, 10, 16.6667, -9.3173e-09, -2.28896e-08, 1.54241e-17, 6.35086e-18, 4.34061e-17, 2.61966e-16, 3.27147e-16,0.000370556
0.9, 15.1667, 16.6667,0, 5.16667, 16.6667, -9.69341e-09, 10, 16.6667, -9.69341e-09, -1.87884e-08, 1.56201e-17, 6.02314e-18, 4.69811e-17, 1.76501e-16, 2.45126e-16,0.000188777
0.91, 15.3333, 16.6667,0, 5.33333, 16.6667, -9.93395e-09, 10, 16.6667, -9.93395e-09, -1.72206e-08, 1.58119e-17, 5.69139e-18, 4.93417e-17, 1.48274e-16, 2.19119e-16,0.00016944
0.92, 15.5, 16.6667,0, 5.5, 16.6667, -1.01194e-08, 10, 16.6667, -1.01194e-08, -1.29891e-08, 1.59994e-17, 5.36117e-18, 5.12015e-17, 8.43587e-17, 1.56921e-16,6.5153e-05
0.93, 15.6667, 16.6667,0, 5.66667, 16.6667, -1.01718e-08, 10, 16.6667, -1.01718e-08, -2.71138e-08, 1.61823e-17, 5.03492e-18, 5.17327e-17, 3.67578e-16, 4.40528e-16,0.000427768
0.94, 15.8333, 16.6667,0, 5.83333, 16.6667, -1.06461e-08, 10, 16.6667, -1.06461e-08, -2.90624e-08, 1.63604e-17, 4.71731e-18, 5.66702e-17, 4.22313e-16, 5.00061e-16,0.000511673
0.95, 16, 16.6667,0, 6, 16.6667, -1.11631e-08, 10, 16.6667, -1.11631e-08, -2.02712e-08, 1.65335e-17, 4.39598e-18, 6.23079e-17, 2.0546e-16, 2.88698e-16,0.000273874
0.96, 16.1667, 16.6667,0, 6.16667, 16.6667, -1.13992e-08, 10, 16.6667, -1.13992e-08, -6.8337e-09, 1.67013e-17, 4.07121e-18, 6.49706e-17, 2.33498e-17, 1.09093e-16,0.000100749
0.97, 16.3333, 16.6667,0, 6.33333, 16.6667, -1.12242e-08, 10, 16.6667, -1.12242e-08, 5.56382e-09, 1.68633e-17, 3.75243e-18, 6.29915e-17, 1.5478e-17, 9.90853e-17,0.000421272
0.98, 16.5, 16.6667,0, 6.5, 16.6667, -1.06832e-08, 10, 16.6667, -1.06832e-08, 2.37308e-09, 1.70195e-17, 3.45125e-18, 5.7065e-17, 2.81575e-18, 8.03514e-17,0.000341714
0.99, 16.6667, 16.6667,0, 6.66667, 16.6667, -1.02559e-08, 10, 16.6667, -1.02559e-08, -5.88731e-09, 1.717e-17, 3.17628e-18, 5.25914e-17, 1.73302e-17, 9.02679e-17,9.11392e-05
1, 16.8335, 16.6667,2.77778, 6.83333, 16.6667, -1.00906e-08, 10.0001, 16.6667, -1.00906e-08, 0.000211211, 9.64424e-09, 2.92305e-18, 3.85802, 2.2305e-08, 3.85802,8.61093e-05
1.01, 17.0006, 16.6944,2.77778, 7, 16.6667, 6.32658e-06, 10.0006, 16.6667, 6.32658e-06, 0.0363726, 1.54318e-07, 0.000385802, 3.85801, 0.000661483, 3.85905,984.966
1.02, 17.1679, 16.7222,2.77778, 7.16667, 16.6667, 0.00109729, 10.0012, 16.6667, 0.00109729, 0.0900367, 7.81242e-07, 0.00154321, 3.85498, 0.0040533, 3.86057,1477.46
1.03, 17.3356, 16.75,2.77778, 7.33333, 16.6667, 0.00376182, 10.0022, 16.6667, 0.00376182, 0.151988, 2.469e-06, 0.0034713, 3.84758, 0.0115502, 3.86261,1723.62
1.04, 17.5035, 16.7778,2.77778, 7.5, 16.6667, 0.00819606, 10.0035, 16.6667, 0.00819606, 0.217614, 6.02691e-06, 0.00616743, 3.83529, 0.0236779, 3.86514,1846.76
1.05, 17.6717, 16.8056,2.77778, 7.66667, 16.6668, 0.0144513, 10.005, 16.6668, 0.0144513, 0.284618, 1.24937e-05, 0.00962693, 3.81799, 0.0405038, 3.86813,1908.34
1.06, 17.8401, 16.8333,2.77778, 7.83334, 16.6669, 0.0225081, 10.0068, 16.6669, 0.0225081, 0.351857, 2.31354e-05, 0.0138431, 3.79576, 0.0619017, 3.87152,1939.14
1.07, 18.0089, 16.8611,2.77778, 8.00001, 16.6672, 0.0323136, 10.0089, 16.6672, 0.0323136, 0.418761, 3.94425e-05, 0.0188072, 3.76879, 0.0876803, 3.87531,1954.54
1.08, 18.1779, 16.8889,2.77778, 8.16668, 16.6675, 0.0437993, 10.0112, 16.6675, 0.0437993, 0.485049, 6.31263e-05, 0.0245087, 3.73732, 0.117636, 3.87953,1962.24
1.09, 18.3472, 16.9167,2.77778, 8.33336, 16.6679, 0.0568908, 10.0139, 16.6679, 0.0568908, 0.550585, 9.61148e-05, 0.0309355, 3.70161, 0.151572, 3.88422,1966.09
1.1, 18.5168, 16.9444,2.77778, 8.50004, 16.6685, 0.0715119, 10.0168, 16.6685, 0.0715119, 0.615305, 0.000140548, 0.0380735, 3.66194, 0.1893, 3.88945,1968.01
1.11, 18.6867, 16.9722,2.77778, 8.66673, 16.6692, 0.0875874, 10.0199, 16.6692, 0.0875874, 0.67918, 0.000198771, 0.0459076, 3.61856, 0.230643, 3.89531,1968.97
1.12, 18.8568, 17,2.77778, 8.83342, 16.6701, 0.105043, 10.0234, 16.6701, 0.105043, 0.7422, 0.000273332, 0.054421, 3.57176, 0.27543, 3.90188,1969.45
1.13, 19.0272, 17.0278,2.77778, 9.00013, 16.6711, 0.123808, 10.0271, 16.6711, 0.123808, 0.804363, 0.000366972, 0.0635958, 3.52178, 0.3235, 3.90924,1969.7
1.14, 19.1979, 17.0556,2.77778, 9.16685, 16.6724, 0.143812, 10.0311, 16.6724, 0.143812, 0.865674, 0.000482618, 0.0734131, 3.46889, 0.374696, 3.91748,1969.82
1.15, 19.3689, 17.0833,2.77778, 9.33358, 16.6738, 0.164988, 10.0353, 16.6738, 0.164988, 0.926136, 0.000623381, 0.0838528, 3.41333, 0.428864, 3.92668,1969.88
1.16, 19.5401, 17.1111,2.77778, 9.50033, 16.6755, 0.187273, 10.0398, 16.6755, 0.187273, 0.985758, 0.000792543, 0.094894, 3.35536, 0.48586, 3.9369,1969.91
1.17, 19.7117, 17.1389,2.77778, 9.66709, 16.6773, 0.210603, 10.0446, 16.6773, 0.210603, 1.04455, 0.00099355, 0.106515, 3.29519, 0.545538, 3.94824,1969.92
1.18, 19.8835, 17.1667,2.77778, 9.83387, 16.6794, 0.234919, 10.0496, 16.6794, 0.234919, 1.10251, 0.00123001, 0.118693, 3.23306, 0.60776, 3.96075,1969.93
1.19, 20.0556, 17.1944,2.77778, 10.0007, 16.6818, 0.260164, 10.0549, 16.6818, 0.260164, 1.15965, 0.00150567, 0.131406, 3.16919, 0.672391, 3.97449,1969.93
1.2, 20.2279, 17.2222,2.77778, 10.1675, 16.6844, 0.286281, 10.0604, 16.6844, 0.286281, 1.21598, 0.00182444, 0.14463, 3.10378, 0.739299, 3.98953,1969.93
1.21, 20.4006, 17.25,2.77778, 10.3344, 16.6873, 0.313218, 10.0662, 16.6873, 0.313218, 1.2715, 0.00219033, 0.15834, 3.03703, 0.808357, 4.00592,1969.94
1.22, 20.5735, 17.2778,2.77778, 10.5013, 16.6904, 0.340922, 10.0722, 16.6904, 0.340922, 1.32623, 0.0026075, 0.172513, 2.96913, 0.879441, 4.02369,1969.94
1.23, 20.7467, 17.3056,2.77778, 10.6682, 16.6938, 0.369345, 10.0785, 16.6938, 0.369345, 1.38017, 0.00308022, 0.187124, 2.90027, 0.95243, 4.04291,1969.94
1.24, 20.9201, 17.3333,2.77778, 10.8351, 16.6975, 0.398438, 10.085, 16.6975, 0.398438, 1.43332, 0.00361286, 0.202147, 2.83063, 1.02721, 4.06359,1969.94
1.25, 21.0939, 17.3611,2.77778, 11.0021, 16.7015, 0.428157, 10.0918, 16.7015, 0.428157, 1.4857, 0.00420989, 0.217559, 2.76036, 1.10366, 4.08578,1969.94
1.26, 21.2679, 17.3889,2.77778, 11.1692, 16.7058, 0.458456, 10.0988, 16.7058, 0.458456, 1.53731, 0.00487588, 0.233334, 2.68963, 1.18167, 4.10951,1969.93
1.27, 21.4422, 17.4167,2.77778, 11.3362, 16.7103, 0.489294, 10.106, 16.7103, 0.489294, 1.58817, 0.00561546, 0.249447, 2.61858, 1.26114, 4.13478,1969.94
1.28, 21.6168, 17.4444,2.77778, 11.5034, 16.7152, 0.520629, 10.1134, 16.7152, 0.520629, 1.63826, 0.00643335, 0.265873, 2.54736, 1.34195, 4.16162,1969.94
1.29, 21.7917, 17.4722,2.77778, 11.6706, 16.7204, 0.552422, 10.1211, 16.7204, 0.552422, 1.68761, 0.00733433, 0.282587, 2.4761, 1.42401, 4.19004,1969.98
1.3, 21.9668, 17.5,2.77778, 11.8378, 16.726, 0.584637, 10.129, 16.726, 0.584637, 1.73622, 0.00832322, 0.299565, 2.40493, 1.50722, 4.22005,1969.96
1.31, 22.1422, 17.5278,2.77778, 12.0051, 16.7318, 0.617235, 10.1371, 16.7318, 0.617235, 1.78409, 0.00940491, 0.316781, 2.33397, 1.59148, 4.25164,1969.95
1.32, 22.3179, 17.5556,2.77778, 12.1724, 16.738, 0.650183, 10.1455, 16.738, 0.650183, 1.83122, 0.0105843, 0.334211, 2.26333, 1.67668, 4.28481,1969.94
1.33, 22.4939, 17.5833,2.77778, 12.3398, 16.7445, 0.683447, 10.1541, 16.7445, 0.683447, 1.87762, 0.0118663, 0.351832, 2.19311, 1.76272, 4.31953,1969.94
1.34, 22.6701, 17.6111,2.77778, 12.5073, 16.7513, 0.716994, 10.1628, 16.7513, 0.716994, 1.92328, 0.013256, 0.36962, 2.12341, 1.84951, 4.3558,1969.94
1.35, 22.8467, 17.6389,2.77778, 12.6749, 16.7585, 0.750793, 10.1718, 16.7585, 0.750793, 1.9682, 0.0147583, 0.387551, 2.05433, 1.93691, 4.39355,1969.93
1.36, 23.0235, 17.6667,2.77778, 12.8425, 16.766, 0.784812, 10.181, 16.766, 0.784812, 2.01236, 0.0163781, 0.405602, 1.98596, 2.0248, 4.43274,1969.93
1.37, 23.2006, 17.6944,2.77778, 13.0102, 16.7738, 0.819023, 10.1904, 16.7738, 0.819023, 2.05575, 0.0181206, 0.42375, 1.91836, 2.11304, 4.47328,1969.93
1.38, 23.3779, 17.7222,2.77778, 13.178, 16.782, 0.853394, 10.2, 16.782, 0.853394, 2.09831, 0.0199906, 0.441974, 1.85163, 2.20145, 4.51504,1969.93
1.39, 23.5556, 17.75,2.77778, 13.3458, 16.7906, 0.887897, 10.2097, 16.7906, 0.887897, 2.13999, 0.0219931, 0.460252, 1.78582, 2.28978, 4.55785,1969.92
1.4, 23.7335, 17.7778,2.77778, 13.5138, 16.7994, 0.9225, 10.2197, 16.7994, 0.9225, 2.18071, 0.024133, 0.478563, 1.72103, 2.37776, 4.60148,1969.92
1.41, 23.9117, 17.8056,2.77778, 13.6818, 16.8087, 0.957172, 10.2298, 16.8087, 0.957172, 2.22036, 0.0264153, 0.496886, 1.6573, 2.465, 4.6456,1969.91
1.42, 24.0901, 17.8333,2.77778, 13.85, 16.8182, 0.991877, 10.2402, 16.8182, 0.991877, 2.25877, 0.0288448, 0.515201, 1.59472, 2.55103, 4.6898,1969.9
1.43, 24.2689, 17.8611,2.77778, 14.0182, 16.8282, 1.02658, 10.2507, 16.8282, 1.02658, 2.29576, 0.0314264, 0.533489, 1.53335, 2.63527, 4.73353,1969.88
1.44, 24.4479, 17.8889,2.77778, 14.1865, 16.8384, 1.06123, 10.2614, 16.8384, 1.06123, 2.33111, 0.0341648, 0.551731, 1.47327, 2.71703, 4.77619,1969.86
1.45, 24.6272, 17.9167,2.77778, 14.355, 16.849, 1.09579, 10.2723, 16.849, 1.09579, 2.36457, 0.0370648, 0.56991, 1.41454, 2.79559, 4.8171,1969.83
1.46, 24.8068, 17.9444,2.77778, 14.5235, 16.86, 1.1302, 10.2833, 16.86, 1.1302, 2.39593, 0.0401311, 0.588009, 1.35726, 2.87024, 4.85563,1969.8
1.47, 24.9867, 17.9722,2.77778, 14.6922, 16.8713, 1.16441, 10.2945, 16.8713, 1.16441, 2.42504, 0.0433682, 0.606011, 1.30149, 2.94041, 4.89128,1969.77
1.48, 25.1668, 18,2.77778, 14.8609, 16.8829, 1.19834, 10.3059, 16.8829, 1.19834, 2.45184, 0.0467807, 0.623903, 1.24731, 3.00575, 4.92374,1969.72
1.49, 25.3472, 18.0278,2.77778, 15.0298, 16.8949, 1.23195, 10.3174, 16.8949, 1.23195, 2.47634, 0.050373, 0.641671, 1.19479, 3.06614, 4.95297,1969.68
1.5, 25.5279, 18.0556,2.77778, 15.1988, 16.9073, 1.26518, 10.3291, 16.9073, 1.26518, 2.49868, 0.0541497, 0.659303, 1.14398, 3.1217, 4.97913,1969.63
1.51, 25.7089, 18.0833,2.77778, 15.368, 16.9199, 1.29797, 10.3409, 16.9199, 1.29797, 2.51901, 0.058115, 0.676786, 1.09492, 3.17271, 5.00253,1969.58
1.52, 25.8901, 18.1111,2.77778, 15.5372, 16.9329, 1.33027, 10.3529, 16.9329, 1.33027, 2.53755, 0.0622732, 0.694112, 1.04764, 3.21957, 5.02359,1969.53
1.53, 26.0717, 18.1389,2.77778, 15.7066, 16.9462, 1.36206, 10.365, 16.9462, 1.36206, 2.55448, 0.0666285, 0.711272, 1.00214, 3.26268, 5.04272,1969.48
1.54, 26.2535, 18.1667,2.77778, 15.8762, 16.9598, 1.39329, 10.3773, 16.9598, 1.39329, 2.57001, 0.0711849, 0.728258, 0.958407, 3.30248, 5.06033,1969.43
1.55, 26.4356, 18.1944,2.77778, 16.0458, 16.9737, 1.42395, 10.3897, 16.9737, 1.42395, 2.58431, 0.0759467, 0.745062, 0.916432, 3.33933, 5.07677,1969.38
1.56, 26.6179, 18.2222,2.77778, 16.2156, 16.988, 1.45401, 10.4023, 16.988, 1.45401, 2.59754, 0.0809176, 0.76168, 0.876181, 3.3736, 5.09238,1969.33
1.57, 26.8006, 18.25,2.77778, 16.3856, 17.0025, 1.48347, 10.415, 17.0025, 1.48347, 2.60982, 0.0861017, 0.778106, 0.837618, 3.40558, 5.10741,1969.28
1.58, 26.9835, 18.2778,2.77778, 16.5557, 17.0174, 1.51231, 10.4278, 17.0174, 1.51231, 2.62128, 0.0915027, 0.794336, 0.800699, 3.43555, 5.12209,1969.23
1.59, 27.1667, 18.3056,2.77778, 16.7259, 17.0325, 1.54054, 10.4407, 17.0325, 1.54054, 2.63201, 0.0971243, 0.810367, 0.765376, 3.46374, 5.1366,1969.18
1.6, 27.3501, 18.3333,2.77778, 16.8963, 17.0479, 1.56815, 10.4538, 17.0479, 1.56815, 2.6421, 0.10297, 0.826194, 0.731598, 3.49034, 5.1511,1969.13
1.61, 27.5339, 18.3611,2.77778, 17.0669, 17.0636, 1.59514, 10.467, 17.0636, 1.59514, 2.65161, 0.109044, 0.841817, 0.699313, 3.51552, 5.1657,1969.09
1.62, 27.7179, 18.3889,2.77778, 17.2376, 17.0795, 1.62152, 10.4803, 17.0795, 1.62152, 2.66062, 0.11535, 0.857232, 0.668467, 3.53945, 5.1805,1969.04
1.63, 27.9022, 18.4167,2.77778, 17.4085, 17.0957, 1.64729, 10.4937, 17.0957, 1.64729, 2.66918, 0.12189, 0.872438, 0.639004, 3.56225, 5.19558,1969
1.64, 28.0868, 18.4444,2.77778, 17.5795, 17.1122, 1.67245, 10.5073, 17.1122, 1.67245, 2.67732, 0.128669, 0.887435, 0.610872, 3.58403, 5.211,1968.95
1.65, 28.2717, 18.4722,2.77778, 17.7507, 17.1289, 1.69702, 10.5209, 17.1289, 1.69702, 2.6851, 0.13569, 0.902222, 0.584014, 3.60488, 5.22681,1968.91
1.66, 28.4568, 18.5,2.77778, 17.9221, 17.1459, 1.72101, 10.5347, 17.1459, 1.72101, 2.69255, 0.142955, 0.916798, 0.558379, 3.62491, 5.24304,1968.86
1.67, 28.6422, 18.5278,2.77778, 18.0936, 17.1631, 1.74442, 10.5486, 17.1631, 1.74442, 2.69969, 0.150468, 0.931164, 0.533915, 3.64417, 5.25972,1968.82
1.68, 28.8279, 18.5556,2.77778, 18.2654, 17.1806, 1.76726, 10.5626, 17.1806, 1.76726, 2.70657, 0.158233, 0.945319, 0.51057, 3.66275, 5.27687,1968.78
1.69, 29.0139, 18.5833,2.77778, 18.4373, 17.1982, 1.78955, 10.5766, 17.1982, 1.78955, 2.71319, 0.166252, 0.959265, 0.488296, 3.6807, 5.29451,1968.73
1.7, 29.2001, 18.6111,2.77778, 18.6093, 17.2161, 1.81129, 10.5908, 17.2161, 1.81129, 2.71958, 0.174528, 0.973002, 0.467045, 3.69807, 5.31264,1968.69
1.71, 29.3867, 18.6389,2.77778, 18.7816, 17.2342, 1.83251, 10.6051, 17.2342, 1.83251, 2.72577, 0.183064, 0.986531, 0.446769, 3.7149, 5.33127,1968.64
1.72, 29.5735, 18.6667,2.77778, 18.954, 17.2526, 1.8532, 10.6195, 17.2526, 1.8532, 2.73176, 0.191864, 0.999853, 0.427426, 3.73125, 5.35039,1968.6
1.73, 29.7606, 18.6944,2.77778, 19.1266, 17.2711, 1.87337, 10.6339, 17.2711, 1.87337, 2.73757, 0.200929, 1.01297, 0.408972, 3.74715, 5.37002,1968.55
1.74, 29.9479, 18.7222,2.77778, 19.2994, 17.2898, 1.89306, 10.6485, 17.2898, 1.89306, 2.74322, 0.210263, 1.02588, 0.391366, 3.76263, 5.39014,1968.5
1.75, 30.1356, 18.75,2.77778, 19.4724, 17.3088, 1.91225, 10.6631, 17.3088, 1.91225, 2.74872, 0.219868, 1.0386, 0.374568, 3.77772, 5.41076,1968.46
1.76, 30.3235, 18.7778,2.77778, 19.6456, 17.3279, 1.93097, 10.6779, 17.3279, 1.93097, 2.75407, 0.229746, 1.05111, 0.358541, 3.79246, 5.43186,1968.41
1.77, 30.5117, 18.8056,2.77778, 19.819, 17.3472, 1.94923, 10.6927, 17.3472, 1.94923, 2.7593, 0.239901, 1.06342, 0.343248, 3.80686, 5.45343,1968.36
1.78, 30.7001, 18.8333,2.77778, 19.9926, 17.3667, 1.96703, 10.7076, 17.3667, 1.96703, 2.7644, 0.250335, 1.07554, 0.328654, 3.82096, 5.47549,1968.32
1.79, 30.8889, 18.8611,2.77778, 20.1663, 17.3863, 1.9844, 10.7226, 17.3863, 1.9844, 2.76939, 0.261051, 1.08746, 0.314727, 3.83476, 5.498,1968.27
1.8, 31.0779, 18.8889,2.77778, 20.3403, 17.4062, 2.00133, 10.7376, 17.4062, 2.00133, 2.77427, 0.27205, 1.0992, 0.301434, 3.8483, 5.52098,1968.21
1.81, 31.2672, 18.9167,2.77778, 20.5144, 17.4262, 2.01785, 10.7528, 17.4262, 2.01785, 2.77906, 0.283335, 1.11074, 0.288746, 3.86158, 5.5444,1968.16
1.82, 31.4568, 18.9444,2.77778, 20.6888, 17.4464, 2.03396, 10.768, 17.4464, 2.03396, 2.78375, 0.294908, 1.12209, 0.276633, 3.87463, 5.56827,1968.11
1.83, 31.6467, 18.9722,2.77778, 20.8634, 17.4667, 2.04967, 10.7833, 17.4667, 2.04967, 2.78835, 0.306772, 1.13326, 0.265069, 3.88746, 5.59256,1968.06
1.84, 31.8368, 19,2.77778, 21.0381, 17.4872, 2.065, 10.7987, 17.4872, 2.065, 2.79288, 0.318928, 1.14425, 0.254025, 3.90008, 5.61729,1968
1.85, 32.0272, 19.0278,2.77778, 21.2131, 17.5079, 2.07995, 10.8141, 17.5079, 2.07995, 2.79732, 0.33138, 1.15506, 0.243479, 3.91251, 5.64243,1967.95
1.86, 32.2179, 19.0556,2.77778, 21.3883, 17.5287, 2.09454, 10.8296, 17.5287, 2.09454, 2.8017, 0.344128, 1.16569, 0.233406, 3.92476, 5.66798,1967.89
1.87, 32.4089, 19.0833,2.77778, 21.5637, 17.5496, 2.10877, 10.8452, 17.5496, 2.10877, 2.80601, 0.357176, 1.17615, 0.223783, 3.93684, 5.69394,1967.83
1.88, 32.6001, 19.1111,2.77778, 21.7393, 17.5707, 2.12266, 10.8608, 17.5707, 2.12266, 2.81025, 0.370524, 1.18643, 0.214588, 3.94875, 5.7203,1967.77
1.89, 32.7917, 19.1389,2.77778, 21.9151, 17.5919, 2.13621, 10.8766, 17.5919, 2.13621, 2.81443, 0.384175, 1.19654, 0.205802, 3.96052, 5.74704,1967.71
1.9, 32.9835, 19.1667,2.77778, 22.0911, 17.6133, 2.14944, 10.8923, 17.6133, 2.14944, 2.81856, 0.398131, 1.20649, 0.197404, 3.97215, 5.77417,1967.65
1.91, 33.1756, 19.1944,2.77778, 22.2674, 17.6348, 2.16235, 10.9082, 17.6348, 2.16235, 2.82264, 0.412394, 1.21627, 0.189376, 3.98364, 5.80168,1967.59
1.92, 33.3679, 19.2222,2.77778, 22.4438, 17.6564, 2.17495, 10.9241, 17.6564, 2.17495, 2.82666, 0.426965, 1.22588, 0.181701, 3.99501, 5.82956,1967.52
1.93, 33.5606, 19.25,2.77778, 22.6205, 17.6782, 2.18725, 10.94, 17.6782, 2.18725, 2.83064, 0.441847, 1.23534, 0.174361, 4.00626, 5.85781,1967.46
1.94, 33.7535, 19.2778,2.77778, 22.7974, 17.7, 2.19926, 10.9561, 17.7, 2.19926, 2.83457, 0.45704, 1.24464, 0.16734, 4.01739, 5.88642,1967.39
1.95, 33.9467, 19.3056,2.77778, 22.9745, 17.722, 2.21099, 10.9722, 17.722, 2.21099, 2.83846, 0.472547, 1.25379, 0.160624, 4.02843, 5.91538,1967.32
1.96, 34.1401, 19.3333,2.77778, 23.1518, 17.7441, 2.22244, 10.9883, 17.7441, 2.22244, 2.84231, 0.48837, 1.26278, 0.154197, 4.03936, 5.9447,1967.25
1.97, 34.3339, 19.3611,2.77778, 23.3294, 17.7664, 2.23363, 11.0045, 17.7664, 2.23363, 2.84612, 0.504509, 1.27162, 0.148047, 4.0502, 5.97438,1967.18
1.98, 34.5279, 19.3889,2.77778, 23.5072, 17.7887, 2.24456, 11.0208, 17.7887, 2.24456, 2.8499, 0.520966, 1.28031, 0.14216, 4.06096, 6.00439,1967.1
1.99, 34.7222, 19.4167,2.77778, 23.6852, 17.8111, 2.25524, 11.0371, 17.8111, 2.25524, 2.85364, 0.537744, 1.28886, 0.136523, 4.07163, 6.03475,1967.02
2, 34.9168, 19.4444,2.77778, 23.8634, 17.8337, 2.26567, 11.0534, 17.8337, 2.26567, 2.85735, 0.554843, 1.29726, 0.131125, 4.08222, 6.06545,1966.94
2.01, 35.1117, 19.4722,2.77778, 24.0418, 17.8563, 2.27587, 11.0698, 17.8563, 2.27587, 2.86103, 0.572266, 1.30552, 0.125954, 4.09275, 6.09649,1966.86
2.02, 35.3068, 19.5,2.77778, 24.2205, 17.8791, 2.28584, 11.0863, 17.8791, 2.28584, 2.86468, 0.590012, 1.31365, 0.121001, 4.1032, 6.12786,1966.78
2.03, 35.5022, 19.5278,2.77778, 24.3994, 17.902, 2.29559, 11.1028, 17.902, 2.29559, 2.86831, 0.608084, 1.32163, 0.116254, 4.11359, 6.15956,1966.69
2.04, 35.6979, 19.5556,2.77778, 24.5786, 17.9249, 2.30512, 11.1194, 17.9249, 2.30512, 2.87191, 0.626484, 1.32948, 0.111704, 4.12392, 6.19159,1966.6
2.05, 35.8939, 19.5833,2.77778, 24.7579, 17.948, 2.31444, 11.136, 17.948, 2.31444, 2.87548, 0.645212, 1.3372, 0.107343, 4.1342, 6.22395,1966.51
2.06, 36.0901, 19.6111,2.77778, 24.9375, 17.9711, 2.32355, 11.1526, 17.9711, 2.32355, 2.87903, 0.66427, 1.34479, 0.10316, 4.14442, 6.25664,1966.42
2.07, 36.2867, 19.6389,2.77778, 25.1173, 17.9944, 2.33247, 11.1693, 17.9944, 2.33247, 2.88256, 0.683658, 1.35225, 0.0991486, 4.15459, 6.28964,1966.32
2.08, 36.4835, 19.6667,2.77778, 25.2974, 18.0177, 2.3412, 11.1861, 18.0177, 2.3412, 2.88607, 0.703379, 1.35958, 0.0953001, 4.16471, 6.32297,1966.22
2.09, 36.6806, 19.6944,2.77778, 25.4777, 18.0411, 2.34974, 11.2029, 18.0411, 2.34974, 2.88957, 0.723434, 1.36679, 0.0916072, 4.17479, 6.35663,1966.12
2.1, 36.8779, 19.7222,2.77778, 25.6582, 18.0646, 2.3581, 11.2197, 18.0646, 2.3581, 2.89304, 0.743823, 1.37388, 0.0880629, 4.18484, 6.3906,1966.02
2.11, 37.0756, 19.75,2.77778, 25.839, 18.0882, 2.36629, 11.2366, 18.0882, 2.36629, 2.89649, 0.764548, 1.38084, 0.0846602, 4.19484, 6.42489,1965.92
2.12, 37.2735, 19.7778,2.77778, 26.02, 18.1118, 2.37431, 11.2535, 18.1118, 2.37431, 2.89993, 0.785609, 1.38769, 0.0813929, 4.20481, 6.4595,1965.8
2.13, 37.4717, 19.8056,2.77778, 26.2012, 18.1356, 2.38216, 11.2704, 18.1356, 2.38216, 2.90336, 0.807009, 1.39442, 0.0782548, 4.21474, 6.49442,1965.7
2.14, 37.6701, 19.8333,2.77778, 26.3827, 18.1594, 2.38986, 11.2874, 18.1594, 2.38986, 2.90677, 0.828747, 1.40103, 0.0752401, 4.22465, 6.52967,1965.58
2.15, 37.8689, 19.8611,2.77778, 26.5644, 18.1833, 2.3974, 11.3045, 18.1833, 2.3974, 2.91016, 0.850826, 1.40753, 0.0723432, 4.23452, 6.56523,1965.46
2.16, 38.0679, 19.8889,2.77778, 26.7464, 18.2073, 2.40479, 11.3215, 18.2073, 2.40479, 2.91355, 0.873246, 1.41392, 0.069559, 4.24437, 6.6011,1965.35
2.17, 38.2672, 19.9167,2.77778, 26.9286, 18.2313, 2.41204, 11.3387, 18.2313, 2.41204, 2.91692, 0.896007, 1.4202, 0.0668824, 4.2542, 6.63729,1965.22
2.18, 38.4668, 19.9444,2.77778, 27.111, 18.2554, 2.41915, 11.3558, 18.2554, 2.41915, 2.92027, 0.919112, 1.42637, 0.0643086, 4.264, 6.67379,1965.1
2.19, 38.6667, 19.9722,2.77778, 27.2937, 18.2796, 2.42612, 11.373, 18.2796, 2.42612, 2.92362, 0.94256, 1.43244, 0.0618332, 4.27378, 6.71061,1964.97
2.2, 38.8668, 20,2.77778, 27.4766, 18.3039, 2.43295, 11.3902, 18.3039, 2.43295, 2.92696, 0.966353, 1.43839, 0.0594519, 4.28354, 6.74774,1964.84
2.21, 39.0672, 20.0278,2.77778, 27.6597, 18.3282, 2.43966, 11.4075, 18.3282, 2.43966, 2.93028, 0.990492, 1.44425, 0.0571606, 4.29327, 6.78518,1964.7
2.22, 39.2679, 20.0556,2.77778, 27.8432, 18.3526, 2.44625, 11.4248, 18.3526, 2.44625, 2.9336, 1.01498, 1.45, 0.0549553, 4.30299, 6.82293,1964.57
2.23, 39.4689, 20.0833,2.77778, 28.0268, 18.3771, 2.45272, 11.4421, 18.3771, 2.45272, 2.9369, 1.03981, 1.45565, 0.0528325, 4.3127, 6.86099,1964.44
2.24, 39.6701, 20.1111,2.77778, 28.2107, 18.4016, 2.45907, 11.4594, 18.4016, 2.45907, 2.9402, 1.06499, 1.4612, 0.0507886, 4.32238, 6.89937,1964.29
2.25, 39.8717, 20.1389,2.77778, 28.3948, 18.4262, 2.4653, 11.4768, 18.4262, 2.4653, 2.94348, 1.09052, 1.46666, 0.0488202, 4.33205, 6.93805,1964.15
2.26, 40.0735, 20.1667,2.77778, 28.5792, 18.4508, 2.47143, 11.4943, 18.4508, 2.47143, 2.94676, 1.1164, 1.47201, 0.0469242, 4.34171, 6.97704,1964.01
2.27, 40.2756, 20.1944,2.77778, 28.7639, 18.4756, 2.47745, 11.5117, 18.4756, 2.47745, 2.95003, 1.14263, 1.47728, 0.0450976, 4.35134, 7.01634,1963.86
2.28, 40.4779, 20.2222,2.77778, 28.9487, 18.5003, 2.48337, 11.5292, 18.5003, 2.48337, 2.95329, 1.16921, 1.48244, 0.0433374, 4.36096, 7.05595,1963.71
2.29, 40.6806, 20.25,2.77778, 29.1339, 18.5252, 2.48919, 11.5467, 18.5252, 2.48919, 2.95654, 1.19614, 1.48752, 0.041641, 4.37057, 7.09586,1963.55
2.3, 40.8835, 20.2778,2.77778, 29.3192, 18.5501, 2.49491, 11.5642, 18.5501, 2.49491, 2.95978, 1.22342, 1.4925, 0.0400057, 4.38016, 7.13609,1963.4
2.31, 41.0867, 20.3056,2.77778, 29.5049, 18.575, 2.50054, 11.5818, 18.575, 2.50054, 2.96302, 1.25106, 1.49739, 0.0384291, 4.38973, 7.17661,1963.24
2.32, 41.2901, 20.3333,2.77778, 29.6907, 18.6, 2.50608, 11.5994, 18.6, 2.50608, 2.96624, 1.27905, 1.50219, 0.0369089, 4.39929, 7.21744,1963.09
2.33, 41.4939, 20.3611,2.77778, 29.8769, 18.6251, 2.51153, 11.617, 18.6251, 2.51153, 2.96946, 1.30739, 1.5069, 0.0354427, 4.40883, 7.25857,1962.93
2.34, 41.6979, 20.3889,2.77778, 30.0632, 18.6502, 2.5169, 11.6347, 18.6502, 2.5169, 2.97266, 1.33609, 1.51153, 0.0340285, 4.41835, 7.3,1962.77
2.35, 41.9022, 20.4167,2.77778, 30.2499, 18.6754, 2.52218, 11.6524, 18.6754, 2.52218, 2.97585, 1.36514, 1.51607, 0.0326642, 4.42786, 7.34173,1962.61
2.36, 42.1068, 20.4444,2.77778, 30.4367, 18.7006, 2.52739, 11.6701, 18.7006, 2.52739, 2.97904, 1.39455, 1.52052, 0.0313479, 4.43734, 7.38376,1962.44
2.37, 42.3117, 20.4722,2.77778, 30.6239, 18.7259, 2.53251, 11.6878, 18.7259, 2.53251, 2.98221, 1.42432, 1.52489, 0.0300778, 4.4468, 7.42609,1962.28
2.38, 42.5168, 20.5,2.77778, 30.8113, 18.7512, 2.53756, 11.7055, 18.7512, 2.53756, 2.98538, 1.45444, 1.52918, 0.0288521, 4.45624, 7.46871,1962.12
2.39, 42.7222, 20.5278,2.77778, 30.9989, 18.7766, 2.54254, 11.7233, 18.7766, 2.54254, 2.98853, 1.48492, 1.53338, 0.0276692, 4.46565, 7.51162,1961.95
2.4, 42.9279, 20.5556,2.77778, 31.1868, 18.802, 2.54744, 11.7411, 18.802, 2.54744, 2.99167, 1.51576, 1.5375, 0.0265274, 4.47504, 7.55483,1961.79
2.41, 43.1339, 20.5833,2.77778, 31.3749, 18.8275, 2.55228, 11.7589, 18.8275, 2.55228, 2.9948, 1.54695, 1.54155, 0.0254254, 4.4844, 7.59833,1961.63
2.42, 43.3401, 20.6111,2.77778, 31.5633, 18.853, 2.55704, 11.7768, 18.853, 2.55704, 2.99791, 1.5785, 1.54551, 0.0243615, 4.49374, 7.64211,1961.47
2.43, 43.5467, 20.6389,2.77778, 31.752, 18.8786, 2.56175, 11.7947, 18.8786, 2.56175, 3.00101, 1.61042, 1.54939, 0.0233346, 4.50304, 7.68618,1961.3
2.44, 43.7535, 20.6667,2.77778, 31.9409, 18.9042, 2.56639, 11.8126, 18.9042, 2.56639, 3.0041, 1.64269, 1.5532, 0.0223432, 4.5123, 7.73053,1961.15
2.45, 43.9606, 20.6944,2.77778, 32.1301, 18.9298, 2.57096, 11.8305, 18.9298, 2.57096, 3.00717, 1.67531, 1.55692, 0.0213862, 4.52153, 7.77516,1960.99
2.46, 44.1679, 20.7222,2.77778, 32.3195, 18.9555, 2.57548, 11.8484, 18.9555, 2.57548, 3.01023, 1.7083, 1.56058, 0.0204624, 4.53073, 7.82007,1960.84
2.47, 44.3756, 20.75,2.77778, 32.5092, 18.9813, 2.57994, 11.8664, 18.9813, 2.57994, 3.01326, 1.74165, 1.56415, 0.0195706, 4.53988, 7.86526,1960.69
2.48, 44.5835, 20.7778,2.77778, 32.6991, 19.0071, 2.58434, 11.8843, 19.0071, 2.58434, 3.01629, 1.77536, 1.56765, 0.0187097, 4.54899, 7.91072,1960.54
2.49, 44.7917, 20.8056,2.77778, 32.8893, 19.0329, 2.58868, 11.9023, 19.0329, 2.58868, 3.01929, 1.80943, 1.57108, 0.0178789, 4.55806, 7.95645,1960.4
2.5, 45.0001, 20.8333,2.77778, 33.0798, 19.0588, 2.59297, 11.9203, 19.0588, 2.59297, 3.02228, 1.84386, 1.57443, 0.0170769, 4.56708, 8.00245,1960.25
2.51, 45.2089, 20.8611,2.77778, 33.2705, 19.0848, 2.59721, 11.9384, 19.0848, 2.59721, 3.02524, 1.87865, 1.57772, 0.0163031, 4.57605, 8.04872,1960.12
2.52, 45.4179, 20.8889,2.77778, 33.4615, 19.1107, 2.60139, 11.9564, 19.1107, 2.60139, 3.02819, 1.9138, 1.58092, 0.0155564, 4.58497, 8.09525,1959.99
2.53, 45.6272, 20.9167,2.77778, 33.6527, 19.1367, 2.60552, 11.9745, 19.1367, 2.60552, 3.03112, 1.94931, 1.58406, 0.0148359, 4.59383, 8.14204,1959.87
2.54, 45.8368, 20.9444,2.77778, 33.8442, 19.1628, 2.60961, 11.9926, 19.1628, 2.60961, 3.03402, 1.98519, 1.58713, 0.014141, 4.60264, 8.18909,1959.75
2.55, 46.0467, 20.9722,2.77778, 34.036, 19.1889, 2.61364, 12.0107, 19.1889, 2.61364, 3.0369, 2.02142, 1.59013, 0.0134708, 4.61138, 8.2364,1959.64
2.56, 46.2568, 21,2.77778, 34.228, 19.215, 2.61762, 12.0288, 19.215, 2.61762, 3.03976, 2.05802, 1.59306, 0.0128245, 4.62007, 8.28396,1959.54
2.57, 46.4672, 21.0278,2.77778, 34.4203, 19.2412, 2.62156, 12.0469, 19.2412, 2.62156, 3.04259, 2.09498, 1.59592, 0.0122015, 4.62869, 8.33178,1959.44
2.58, 46.6779, 21.0556,2.77778, 34.6128, 19.2674, 2.62546, 12.0651, 19.2674, 2.62546, 3.0454, 2.1323, 1.59871, 0.011601, 4.63724, 8.37984,1959.35
2.59, 46.8889, 21.0833,2.77778, 34.8056, 19.2937, 2.6293, 12.0833, 19.2937, 2.6293, 3.04819, 2.16998, 1.60143, 0.0110224, 4.64573, 8.42816,1959.27
2.6, 47.1001, 21.1111,2.77778, 34.9987, 19.32, 2.6331, 12.1014, 19.32, 2.6331, 3.05095, 2.20802, 1.60409, 0.0104651, 4.65414, 8.47671,1959.2
2.61, 47.3117, 21.1389,2.77778, 35.192, 19.3463, 2.63686, 12.1196, 19.3463, 2.63686, 3.05368, 2.24642, 1.60668, 0.00992848, 4.66248, 8.52552,1959.13
2.62, 47.5235, 21.1667,2.77778, 35.3856, 19.3727, 2.64058, 12.1378, 19.3727, 2.64058, 3.05639, 2.28519, 1.60921, 0.00941189, 4.67075, 8.57456,1959.08
2.63, 47.7356, 21.1944,2.77778, 35.5795, 19.3991, 2.64425, 12.1561, 19.3991, 2.64425, 3.05907, 2.32432, 1.61167, 0.00891479, 4.67894, 8.62384,1959.03
2.64, 47.9479, 21.2222,2.77778, 35.7736, 19.4255, 2.64788, 12.1743, 19.4255, 2.64788, 3.06172, 2.3638, 1.61407, 0.00843663, 4.68705, 8.67337,1958.98
2.65, 48.1606, 21.25,2.77778, 35.968, 19.452, 2.65147, 12.1926, 19.452, 2.65147, 3.06434, 2.40366, 1.61641, 0.0079769, 4.69509, 8.72313,1958.95
2.66, 48.3735, 21.2778,2.77778, 36.1627, 19.4785, 2.65502, 12.2108, 19.4785, 2.65502, 3.06693, 2.44387, 1.61868, 0.00753506, 4.70304, 8.77312,1958.93
2.67, 48.5867, 21.3056,2.77778, 36.3576, 19.5051, 2.65852, 12.2291, 19.5051, 2.65852, 3.0695, 2.48444, 1.62089, 0.00711064, 4.71091, 8.82335,1958.91
2.68, 48.8001, 21.3333,2.77778, 36.5528, 19.5316, 2.66199, 12.2474, 19.5316, 2.66199, 3.07204, 2.52537, 1.62303, 0.00670314, 4.7187, 8.87382,1958.9
2.69, 49.0139, 21.3611,2.77778, 36.7482, 19.5583, 2.66542, 12.2657, 19.5583, 2.66542, 3.07454, 2.56667, 1.62512, 0.0063121, 4.72641, 8.92451,1958.9
2.7, 49.2279, 21.3889,2.77778, 36.9439, 19.5849, 2.66881, 12.284, 19.5849, 2.66881, 3.07702, 2.60833, 1.62715, 0.00593707, 4.73403, 8.97544,1958.9
2.71, 49.4422, 21.4167,2.77778, 37.1399, 19.6116, 2.67216, 12.3023, 19.6116, 2.67216, 3.07947, 2.65034, 1.62911, 0.0055776, 4.74157, 9.0266,1958.91
2.72, 49.6568, 21.4444,2.77778, 37.3361, 19.6383, 2.67547, 12.3207, 19.6383, 2.67547, 3.08189, 2.69272, 1.63102, 0.00523327, 4.74902, 9.07799,1958.93
2.73, 49.8717, 21.4722,2.77778, 37.5327, 19.6651, 2.67875, 12.339, 19.6651, 2.67875, 3.08428, 2.73546, 1.63287, 0.00490366, 4.75638, 9.12961,1958.96
2.74, 50.0868, 21.5,2.77778, 37.7295, 19.6919, 2.68198, 12.3574, 19.6919, 2.68198, 3.08663, 2.77856, 1.63466, 0.00458835, 4.76366, 9.18146,1958.99
2.75, 50.3022, 21.5278,2.77778, 37.9265, 19.7187, 2.68518, 12.3757, 19.7187, 2.68518, 3.08896, 2.82202, 1.63639, 0.00428696, 4.77085, 9.23355,1959.02
2.76, 50.5179, 21.5556,2.77778, 38.1238, 19.7455, 2.68835, 12.3941, 19.7455, 2.68835, 3.09126, 2.86584, 1.63807, 0.0039991, 4.77795, 9.28585,1959.07
2.77, 50.7339, 21.5833,2.77778, 38.3214, 19.7724, 2.69147, 12.4125, 19.7724, 2.69147, 3.09353, 2.91001, 1.63969, 0.00372439, 4.78497, 9.33839,1959.11
2.78, 50.9501, 21.6111,2.77778, 38.5193, 19.7993, 2.69456, 12.4309, 19.7993, 2.69456, 3.09577, 2.95455, 1.64125, 0.00346246, 4.7919, 9.39116,1959.17
2.79, 51.1667, 21.6389,2.77778, 38.7174, 19.8263, 2.69762, 12.4493, 19.8263, 2.69762, 3.09798, 2.99945, 1.64276, 0.00321295, 4.79874, 9.44416,1959.23
2.8, 51.3835, 21.6667,2.77778, 38.9158, 19.8533, 2.70064, 12.4677, 19.8533, 2.70064, 3.10016, 3.0447, 1.64421, 0.0029755, 4.8055, 9.49739,1959.29
2.81, 51.6006, 21.6944,2.77778, 39.1145, 19.8803, 2.70362, 12.4861, 19.8803, 2.70362, 3.10231, 3.09032, 1.64561, 0.00274978, 4.81218, 9.55085,1959.37
2.82, 51.8179, 21.7222,2.77778, 39.3134, 19.9073, 2.70657, 12.5045, 19.9073, 2.70657, 3.10444, 3.13629, 1.64696, 0.00253545, 4.81876, 9.60454,1959.44
2.83, 52.0356, 21.75,2.77778, 39.5126, 19.9344, 2.70948, 12.5229, 19.9344, 2.70948, 3.10653, 3.18262, 1.64825, 0.00233218, 4.82527, 9.65847,1959.52
2.84, 52.2535, 21.7778,2.77778, 39.7121, 19.9615, 2.71236, 12.5414, 19.9615, 2.71236, 3.1086, 3.2293, 1.64949, 0.00213964, 4.83169, 9.71262,1959.6
2.85, 52.4717, 21.8056,2.77778, 39.9118, 19.9886, 2.71521, 12.5598, 19.9886, 2.71521, 3.11063, 3.27635, 1.65068, 0.00195753, 4.83802, 9.76701,1959.68
2.86, 52.6901, 21.8333,2.77778, 40.1119, 20.0157, 2.71802, 12.5783, 20.0157, 2.71802, 3.11264, 3.32375, 1.65181, 0.00178552, 4.84428, 9.82163,1959.76
2.87, 52.9089, 21.8611,2.77778, 40.3122, 20.0429, 2.7208, 12.5967, 20.0429, 2.7208, 3.11463, 3.3715, 1.6529, 0.00162333, 4.85045, 9.87648,1959.85
2.88, 53.1279, 21.8889,2.77778, 40.5127, 20.0701, 2.72354, 12.6152, 20.0701, 2.72354, 3.11658, 3.41962, 1.65394, 0.00147066, 4.85655, 9.93157,1959.94
2.89, 53.3472, 21.9167,2.77778, 40.7136, 20.0974, 2.72626, 12.6337, 20.0974, 2.72626, 3.11851, 3.46808, 1.65492, 0.00132722, 4.86256, 9.9869,1960.03
2.9, 53.5668, 21.9444,2.77778, 40.9147, 20.1246, 2.72894, 12.6521, 20.1246, 2.72894, 3.12042, 3.51691, 1.65586, 0.00119273, 4.8685, 10.0425,1960.12
2.91, 53.7867, 21.9722,2.77778, 41.1161, 20.1519, 2.73158, 12.6706, 20.1519, 2.73158, 3.12229, 3.56609, 1.65675, 0.0010669, 4.87436, 10.0983,1960.21
2.92, 54.0068, 22,2.77778, 41.3177, 20.1792, 2.7342, 12.6891, 20.1792, 2.7342, 3.12415, 3.61562, 1.65759, 0.000949484, 4.88014, 10.1543,1960.3
2.93, 54.2272, 22.0278,2.77778, 41.5196, 20.2066, 2.73678, 12.7076, 20.2066, 2.73678, 3.12597, 3.6655, 1.65838, 0.000840205, 4.88585, 10.2106,1960.41
2.94, 54.4479, 22.0556,2.77778, 41.7218, 20.2339, 2.73934, 12.7261, 20.2339, 2.73934, 3.12777, 3.71574, 1.65913, 0.000738811, 4.89148, 10.2671,1960.49
2.95, 54.6689, 22.0833,2.77778, 41.9243, 20.2613, 2.74186, 12.7446, 20.2613, 2.74186, 3.12955, 3.76633, 1.65983, 0.000645048, 4.89704, 10.3239,1960.6
2.96, 54.8901, 22.1111,2.77778, 42.1271, 20.2888, 2.74435, 12.7631, 20.2888, 2.74435, 3.1313, 3.81728, 1.66049, 0.000558673, 4.90253, 10.3809,1960.67
2.97, 55.1117, 22.1389,2.77778, 42.3301, 20.3162, 2.74681, 12.7816, 20.3162, 2.74681, 3.13303, 3.86858, 1.6611, 0.000479447, 4.90795, 10.4381,1960.79
2.98, 55.3335, 22.1667,2.77778, 42.5334, 20.3437, 2.74924, 12.8001, 20.3437, 2.74924, 3.13474, 3.92022, 1.66166, 0.000407134, 4.9133, 10.4956,1960.88
2.99, 55.5556, 22.1944,2.77778, 42.737, 20.3712, 2.75164, 12.8186, 20.3712, 2.75164, 3.13642, 3.97222, 1.66218, 0.000341509, 4.91858, 10.5533,1960.98
